[
  {
    "Username": "mmcellen1",
    "Tasks": [
      {
        "TaskName": "Broadleaf",
        "OpenDate": "03/21/2018",
        "DueDate": "12/18/2018",
        "LabelType": "JavaAdvanced",
        "ExecutionType": "ProductBacklog"
      },
      {
        "TaskName": "Yellow Wildrye",
        "OpenDate": "07/26/2018",
        "DueDate": "12/12/2018",
        "LabelType": "Priority",
        "ExecutionType": "SprintBacklog"
      },
      {
        "TaskName": "Nipa Palm",
        "OpenDate": "10/14/2018",
        "DueDate": "09/19/2019",
        "LabelType": "Priority",
        "ExecutionType": "InProgress"
      },
      {
        "TaskName": "Rubber Rabbitbrush",
        "OpenDate": "06/16/2018",
        "DueDate": "07/21/2019",
        "LabelType": "JavaAdvanced",
        "ExecutionType": "InProgress"
      },
      {
        "TaskName": "Fir Clubmoss",
        "OpenDate": "09/15/2018",
        "DueDate": "07/08/2019",
        "LabelType": "EntityFramework",
        "ExecutionType": "Finished"
      },
      {
        "TaskName": "California Dwarf-flax",
        "OpenDate": "10/01/2018",
        "DueDate": "06/01/2019",
        "LabelType": "Hibernate",
        "ExecutionType": "Finished"
      },
      {
        "TaskName": "Pearson's",
        "OpenDate": "03/07/2018",
        "DueDate": "05/21/2019",
        "LabelType": "CSharpAdvanced",
        "ExecutionType": "SprintBacklog"
      },
      {
        "TaskName": "Fineleaf",
        "OpenDate": "08/31/2018",
        "DueDate": "04/18/2019",
        "LabelType": "Hibernate",
        "ExecutionType": "ProductBacklog"
      },
      {
        "TaskName": "Northland",
        "OpenDate": "07/31/2018",
        "DueDate": "04/06/2019",
        "LabelType": "CSharpAdvanced",
        "ExecutionType": "SprintBacklog"
      },
      {
        "TaskName": "Fleabane",
        "OpenDate": "10/02/2018",
        "DueDate": "03/21/2019",
        "LabelType": "Priority",
        "ExecutionType": "ProductBacklog"
      },
      {
        "TaskName": "Saber Bogmat",
        "OpenDate": "08/16/2018",
        "DueDate": "03/12/2019",
        "LabelType": "Priority",
        "ExecutionType": "ProductBacklog"
      },
      {
        "TaskName": "Debeque",
        "OpenDate": "10/17/2018",
        "DueDate": "01/25/2019",
        "LabelType": "JavaAdvanced",
        "ExecutionType": "Finished"
      },
      {
        "TaskName": "Tricharia Lichen",
        "OpenDate": "08/21/2018",
        "DueDate": "01/24/2019",
        "LabelType": "JavaAdvanced",
        "ExecutionType": "ProductBacklog"
      },
      {
        "TaskName": "Bryum",
        "OpenDate": "11/02/2018",
        "DueDate": "01/19/2019",
        "LabelType": "EntityFramework",
        "ExecutionType": "ProductBacklog"
      }
    ]
  },
  {
    "Username": "jbehlingp",
    "Tasks": [
      {
        "TaskName": "Clustered Sawwort",
        "OpenDate": "07/21/2018",
        "DueDate": "12/09/2018",
        "LabelType": "Priority",
        "ExecutionType": "SprintBacklog"
      },
      {
        "TaskName": "American Star-thistle",
        "OpenDate": "09/21/2018",
        "DueDate": "11/29/2018",
        "LabelType": "CSharpAdvanced",
        "ExecutionType": "ProductBacklog"
      },
      {
        "TaskName": "Sturdy Bulrush",
        "OpenDate": "10/25/2018",
        "DueDate": "11/20/2018",
        "LabelType": "EntityFramework",
        "ExecutionType": "SprintBacklog"
      },
      {
        "TaskName": "Calophyllum",
        "OpenDate": "10/09/2018",
        "DueDate": "11/15/2018",
        "LabelType": "CSharpAdvanced",
        "ExecutionType": "InProgress"
      },
      {
        "TaskName": "Columbian",
        "OpenDate": "10/24/2018",
        "DueDate": "10/20/2019",
        "LabelType": "Hibernate",
        "ExecutionType": "InProgress"
      },
      {
        "TaskName": "Rubber Rabbitbrush",
        "OpenDate": "06/16/2018",
        "DueDate": "07/21/2019",
        "LabelType": "JavaAdvanced",
        "ExecutionType": "InProgress"
      },
      {
        "TaskName": "Fir Clubmoss",
        "OpenDate": "09/15/2018",
        "DueDate": "07/08/2019",
        "LabelType": "EntityFramework",
        "ExecutionType": "Finished"
      },
      {
        "TaskName": "Blueeyed",
        "OpenDate": "10/22/2018",
        "DueDate": "06/25/2019",
        "LabelType": "JavaAdvanced",
        "ExecutionType": "SprintBacklog"
      },
      {
        "TaskName": "Annual",
        "OpenDate": "05/10/2018",
        "DueDate": "06/07/2019",
        "LabelType": "CSharpAdvanced",
        "ExecutionType": "ProductBacklog"
      },
      {
        "TaskName": "Meyen's Sedge",
        "OpenDate": "10/09/2018",
        "DueDate": "05/05/2019",
        "LabelType": "EntityFramework",
        "ExecutionType": "ProductBacklog"
      },
      {
        "TaskName": "Hairy Mountain Mahogany",
        "OpenDate": "09/21/2018",
        "DueDate": "04/29/2019",
        "LabelType": "Priority",
        "ExecutionType": "SprintBacklog"
      },
      {
        "TaskName": "Saber Bogmat",
        "OpenDate": "08/16/2018",
        "DueDate": "03/12/2019",
        "LabelType": "Priority",
        "ExecutionType": "ProductBacklog"
      },
      {
        "TaskName": "Olive",
        "OpenDate": "10/19/2018",
        "DueDate": "01/18/2019",
        "LabelType": "Hibernate",
        "ExecutionType": "ProductBacklog"
      }
    ]
  },
  {
    "Username": "nbremenj",
    "Tasks": [
      {
        "TaskName": "Guadalupe",
        "OpenDate": "09/29/2018",
        "DueDate": "12/23/2018",
        "LabelType": "JavaAdvanced",
        "ExecutionType": "ProductBacklog"
      },
      {
        "TaskName": "Yellow Wildrye",
        "OpenDate": "07/26/2018",
        "DueDate": "12/12/2018",
        "LabelType": "Priority",
        "ExecutionType": "SprintBacklog"
      },
      {
        "TaskName": "American Star-thistle",
        "OpenDate": "09/21/2018",
        "DueDate": "11/29/2018",
        "LabelType": "CSharpAdvanced",
        "ExecutionType": "ProductBacklog"
      },
      {
        "TaskName": "Pacific",
        "OpenDate": "05/14/2018",
        "DueDate": "07/05/2019",
        "LabelType": "Priority",
        "ExecutionType": "Finished"
      },
      {
        "TaskName": "Annual",
        "OpenDate": "05/10/2018",
        "DueDate": "06/07/2019",
        "LabelType": "CSharpAdvanced",
        "ExecutionType": "ProductBacklog"
      },
      {
        "TaskName": "Digitgrass",
        "OpenDate": "06/02/2018",
        "DueDate": "05/18/2019",
        "LabelType": "EntityFramework",
        "ExecutionType": "ProductBacklog"
      },
      {
        "TaskName": "Leafy Reedgrass",
        "OpenDate": "06/22/2018",
        "DueDate": "04/28/2019",
        "LabelType": "CSharpAdvanced",
        "ExecutionType": "ProductBacklog"
      },
      {
        "TaskName": "Visher's",
        "OpenDate": "04/17/2018",
        "DueDate": "04/27/2019",
        "LabelType": "Priority",
        "ExecutionType": "InProgress"
      },
      {
        "TaskName": "Fineleaf",
        "OpenDate": "08/31/2018",
        "DueDate": "04/18/2019",
        "LabelType": "Hibernate",
        "ExecutionType": "ProductBacklog"
      },
      {
        "TaskName": "Carrotwood",
        "OpenDate": "07/23/2018",
        "DueDate": "03/11/2019",
        "LabelType": "Priority",
        "ExecutionType": "Finished"
      },
      {
        "TaskName": "Spherical Blazing Star",
        "OpenDate": "10/15/2018",
        "DueDate": "03/08/2019",
        "LabelType": "Hibernate",
        "ExecutionType": "Finished"
      },
      {
        "TaskName": "Slender Cudweed",
        "OpenDate": "07/12/2018",
        "DueDate": "01/24/2019",
        "LabelType": "Priority",
        "ExecutionType": "ProductBacklog"
      },
      {
        "TaskName": "Bryum",
        "OpenDate": "11/02/2018",
        "DueDate": "01/19/2019",
        "LabelType": "EntityFramework",
        "ExecutionType": "ProductBacklog"
      }
    ]
  },
  {
    "Username": "olathleiffurec",
    "Tasks": [
      {
        "TaskName": "Burchell's Clover",
        "OpenDate": "06/17/2018",
        "DueDate": "12/03/2018",
        "LabelType": "Hibernate",
        "ExecutionType": "InProgress"
      },
      {
        "TaskName": "Spotted Phacelia",
        "OpenDate": "06/14/2018",
        "DueDate": "12/02/2018",
        "LabelType": "JavaAdvanced",
        "ExecutionType": "SprintBacklog"
      },
      {
        "TaskName": "Sturdy Bulrush",
        "OpenDate": "10/25/2018",
        "DueDate": "11/20/2018",
        "LabelType": "EntityFramework",
        "ExecutionType": "SprintBacklog"
      },
      {
        "TaskName": "Lane Mountain Milkvetch",
        "OpenDate": "08/04/2018",
        "DueDate": "07/27/2019",
        "LabelType": "Priority",
        "ExecutionType": "ProductBacklog"
      },
      {
        "TaskName": "Charleston Mousetail",
        "OpenDate": "08/10/2018",
        "DueDate": "07/07/2019",
        "LabelType": "Hibernate",
        "ExecutionType": "ProductBacklog"
      },
      {
        "TaskName": "Comfortroot",
        "OpenDate": "07/14/2018",
        "DueDate": "06/10/2019",
        "LabelType": "Priority",
        "ExecutionType": "Finished"
      },
      {
        "TaskName": "Annual",
        "OpenDate": "05/10/2018",
        "DueDate": "06/07/2019",
        "LabelType": "CSharpAdvanced",
        "ExecutionType": "ProductBacklog"
      },
      {
        "TaskName": "Paradox",
        "OpenDate": "05/11/2018",
        "DueDate": "05/15/2019",
        "LabelType": "Hibernate",
        "ExecutionType": "InProgress"
      },
      {
        "TaskName": "Hairy Mountain Mahogany",
        "OpenDate": "09/21/2018",
        "DueDate": "04/29/2019",
        "LabelType": "Priority",
        "ExecutionType": "SprintBacklog"
      },
      {
        "TaskName": "Fineleaf",
        "OpenDate": "08/31/2018",
        "DueDate": "04/18/2019",
        "LabelType": "Hibernate",
        "ExecutionType": "ProductBacklog"
      },
      {
        "TaskName": "Longbract Pohlia Moss",
        "OpenDate": "09/13/2018",
        "DueDate": "03/29/2019",
        "LabelType": "EntityFramework",
        "ExecutionType": "InProgress"
      },
      {
        "TaskName": "White Jungleflame",
        "OpenDate": "10/10/2018",
        "DueDate": "02/11/2019",
        "LabelType": "Hibernate",
        "ExecutionType": "Finished"
      },
      {
        "TaskName": "Greenman's Bluet",
        "OpenDate": "07/27/2018",
        "DueDate": "02/04/2019",
        "LabelType": "CSharpAdvanced",
        "ExecutionType": "InProgress"
      }
    ]
  },
  {
    "Username": "pclaffeyq",
    "Tasks": [
      {
        "TaskName": "Broadleaf",
        "OpenDate": "03/21/2018",
        "DueDate": "12/18/2018",
        "LabelType": "JavaAdvanced",
        "ExecutionType": "ProductBacklog"
      },
      {
        "TaskName": "Munz's Buckwheat",
        "OpenDate": "07/18/2018",
        "DueDate": "12/18/2018",
        "LabelType": "CSharpAdvanced",
        "ExecutionType": "ProductBacklog"
      },
      {
        "TaskName": "Yellow Wildrye",
        "OpenDate": "07/26/2018",
        "DueDate": "12/12/2018",
        "LabelType": "Priority",
        "ExecutionType": "SprintBacklog"
      },
      {
        "TaskName": "Lane Mountain Milkvetch",
        "OpenDate": "08/04/2018",
        "DueDate": "07/27/2019",
        "LabelType": "Priority",
        "ExecutionType": "ProductBacklog"
      },
      {
        "TaskName": "Sea Kale",
        "OpenDate": "02/10/2018",
        "DueDate": "07/03/2019",
        "LabelType": "JavaAdvanced",
        "ExecutionType": "ProductBacklog"
      },
      {
        "TaskName": "Annual",
        "OpenDate": "05/10/2018",
        "DueDate": "06/07/2019",
        "LabelType": "CSharpAdvanced",
        "ExecutionType": "ProductBacklog"
      },
      {
        "TaskName": "Paradox",
        "OpenDate": "05/11/2018",
        "DueDate": "05/15/2019",
        "LabelType": "Hibernate",
        "ExecutionType": "InProgress"
      },
      {
        "TaskName": "Meyen's Sedge",
        "OpenDate": "10/09/2018",
        "DueDate": "05/05/2019",
        "LabelType": "EntityFramework",
        "ExecutionType": "ProductBacklog"
      },
      {
        "TaskName": "White",
        "OpenDate": "10/04/2018",
        "DueDate": "04/21/2019",
        "LabelType": "Hibernate",
        "ExecutionType": "SprintBacklog"
      },
      {
        "TaskName": "Awned Mountainmint",
        "OpenDate": "10/19/2018",
        "DueDate": "04/17/2019",
        "LabelType": "JavaAdvanced",
        "ExecutionType": "Finished"
      },
      {
        "TaskName": "Lac Tree",
        "OpenDate": "06/22/2018",
        "DueDate": "02/24/2019",
        "LabelType": "JavaAdvanced",
        "ExecutionType": "SprintBacklog"
      },
      {
        "TaskName": "Greenman's Bluet",
        "OpenDate": "07/27/2018",
        "DueDate": "02/04/2019",
        "LabelType": "CSharpAdvanced",
        "ExecutionType": "InProgress"
      },
      {
        "TaskName": "Olive",
        "OpenDate": "10/19/2018",
        "DueDate": "01/18/2019",
        "LabelType": "Hibernate",
        "ExecutionType": "ProductBacklog"
      }
    ]
  },
  {
    "Username": "ymarcumt",
    "Tasks": [
      {
        "TaskName": "Munz's Buckwheat",
        "OpenDate": "07/18/2018",
        "DueDate": "12/18/2018",
        "LabelType": "CSharpAdvanced",
        "ExecutionType": "ProductBacklog"
      },
      {
        "TaskName": "Spotted Phacelia",
        "OpenDate": "06/14/2018",
        "DueDate": "12/02/2018",
        "LabelType": "JavaAdvanced",
        "ExecutionType": "SprintBacklog"
      },
      {
        "TaskName": "American Star-thistle",
        "OpenDate": "09/21/2018",
        "DueDate": "11/29/2018",
        "LabelType": "CSharpAdvanced",
        "ExecutionType": "ProductBacklog"
      },
      {
        "TaskName": "Sturdy Bulrush",
        "OpenDate": "10/25/2018",
        "DueDate": "11/20/2018",
        "LabelType": "EntityFramework",
        "ExecutionType": "SprintBacklog"
      },
      {
        "TaskName": "Nipa Palm",
        "OpenDate": "10/14/2018",
        "DueDate": "09/19/2019",
        "LabelType": "Priority",
        "ExecutionType": "InProgress"
      },
      {
        "TaskName": "Blueeyed",
        "OpenDate": "10/22/2018",
        "DueDate": "06/25/2019",
        "LabelType": "JavaAdvanced",
        "ExecutionType": "SprintBacklog"
      },
      {
        "TaskName": "California Dwarf-flax",
        "OpenDate": "10/01/2018",
        "DueDate": "06/01/2019",
        "LabelType": "Hibernate",
        "ExecutionType": "Finished"
      },
      {
        "TaskName": "Leafy Reedgrass",
        "OpenDate": "06/22/2018",
        "DueDate": "04/28/2019",
        "LabelType": "CSharpAdvanced",
        "ExecutionType": "ProductBacklog"
      },
      {
        "TaskName": "Strawberry Clover",
        "OpenDate": "10/08/2018",
        "DueDate": "04/04/2019",
        "LabelType": "CSharpAdvanced",
        "ExecutionType": "ProductBacklog"
      },
      {
        "TaskName": "Longbract Pohlia Moss",
        "OpenDate": "09/13/2018",
        "DueDate": "03/29/2019",
        "LabelType": "EntityFramework",
        "ExecutionType": "InProgress"
      },
      {
        "TaskName": "Carrotwood",
        "OpenDate": "07/23/2018",
        "DueDate": "03/11/2019",
        "LabelType": "Priority",
        "ExecutionType": "Finished"
      },
      {
        "TaskName": "Tricharia Lichen",
        "OpenDate": "08/21/2018",
        "DueDate": "01/24/2019",
        "LabelType": "JavaAdvanced",
        "ExecutionType": "ProductBacklog"
      },
      {
        "TaskName": "Valamuerto",
        "OpenDate": "08/23/2018",
        "DueDate": "01/15/2019",
        "LabelType": "Hibernate",
        "ExecutionType": "Finished"
      }
    ]
  },
  {
    "Username": "ostollsteimer5",
    "Tasks": [
      {
        "TaskName": "Yellow Wildrye",
        "OpenDate": "07/26/2018",
        "DueDate": "12/12/2018",
        "LabelType": "Priority",
        "ExecutionType": "SprintBacklog"
      },
      {
        "TaskName": "Pointed Gourd",
        "OpenDate": "10/08/2018",
        "DueDate": "10/24/2019",
        "LabelType": "Priority",
        "ExecutionType": "ProductBacklog"
      },
      {
        "TaskName": "Charleston Mousetail",
        "OpenDate": "08/10/2018",
        "DueDate": "07/07/2019",
        "LabelType": "Hibernate",
        "ExecutionType": "ProductBacklog"
      },
      {
        "TaskName": "Meyen's Sedge",
        "OpenDate": "10/09/2018",
        "DueDate": "05/05/2019",
        "LabelType": "EntityFramework",
        "ExecutionType": "ProductBacklog"
      },
      {
        "TaskName": "Leafy Reedgrass",
        "OpenDate": "06/22/2018",
        "DueDate": "04/28/2019",
        "LabelType": "CSharpAdvanced",
        "ExecutionType": "ProductBacklog"
      },
      {
        "TaskName": "Fineleaf",
        "OpenDate": "08/31/2018",
        "DueDate": "04/18/2019",
        "LabelType": "Hibernate",
        "ExecutionType": "ProductBacklog"
      },
      {
        "TaskName": "Strawberry Clover",
        "OpenDate": "10/08/2018",
        "DueDate": "04/04/2019",
        "LabelType": "CSharpAdvanced",
        "ExecutionType": "ProductBacklog"
      },
      {
        "TaskName": "Longbract Pohlia Moss",
        "OpenDate": "09/13/2018",
        "DueDate": "03/29/2019",
        "LabelType": "EntityFramework",
        "ExecutionType": "InProgress"
      },
      {
        "TaskName": "Carrotwood",
        "OpenDate": "07/23/2018",
        "DueDate": "03/11/2019",
        "LabelType": "Priority",
        "ExecutionType": "Finished"
      },
      {
        "TaskName": "White Jungleflame",
        "OpenDate": "10/10/2018",
        "DueDate": "02/11/2019",
        "LabelType": "Hibernate",
        "ExecutionType": "Finished"
      },
      {
        "TaskName": "Slender Cudweed",
        "OpenDate": "07/12/2018",
        "DueDate": "01/24/2019",
        "LabelType": "Priority",
        "ExecutionType": "ProductBacklog"
      },
      {
        "TaskName": "Bryum",
        "OpenDate": "11/02/2018",
        "DueDate": "01/19/2019",
        "LabelType": "EntityFramework",
        "ExecutionType": "ProductBacklog"
      }
    ]
  },
  {
    "Username": "kmurrow9",
    "Tasks": [
      {
        "TaskName": "Munz's Buckwheat",
        "OpenDate": "07/18/2018",
        "DueDate": "12/18/2018",
        "LabelType": "CSharpAdvanced",
        "ExecutionType": "ProductBacklog"
      },
      {
        "TaskName": "Yellow Wildrye",
        "OpenDate": "07/26/2018",
        "DueDate": "12/12/2018",
        "LabelType": "Priority",
        "ExecutionType": "SprintBacklog"
      },
      {
        "TaskName": "Pointed Gourd",
        "OpenDate": "10/08/2018",
        "DueDate": "10/24/2019",
        "LabelType": "Priority",
        "ExecutionType": "ProductBacklog"
      },
      {
        "TaskName": "Bicolored Spleenwort",
        "OpenDate": "05/24/2018",
        "DueDate": "07/02/2019",
        "LabelType": "CSharpAdvanced",
        "ExecutionType": "InProgress"
      },
      {
        "TaskName": "Pearson's",
        "OpenDate": "03/07/2018",
        "DueDate": "05/21/2019",
        "LabelType": "CSharpAdvanced",
        "ExecutionType": "SprintBacklog"
      },
      {
        "TaskName": "Hairy Mountain Mahogany",
        "OpenDate": "09/21/2018",
        "DueDate": "04/29/2019",
        "LabelType": "Priority",
        "ExecutionType": "SprintBacklog"
      },
      {
        "TaskName": "White",
        "OpenDate": "10/04/2018",
        "DueDate": "04/21/2019",
        "LabelType": "Hibernate",
        "ExecutionType": "SprintBacklog"
      },
      {
        "TaskName": "White Jungleflame",
        "OpenDate": "10/10/2018",
        "DueDate": "02/11/2019",
        "LabelType": "Hibernate",
        "ExecutionType": "Finished"
      },
      {
        "TaskName": "Greenman's Bluet",
        "OpenDate": "07/27/2018",
        "DueDate": "02/04/2019",
        "LabelType": "CSharpAdvanced",
        "ExecutionType": "InProgress"
      },
      {
        "TaskName": "Florida Toadwood",
        "OpenDate": "05/15/2018",
        "DueDate": "02/02/2019",
        "LabelType": "Priority",
        "ExecutionType": "ProductBacklog"
      },
      {
        "TaskName": "Slender Cudweed",
        "OpenDate": "07/12/2018",
        "DueDate": "01/24/2019",
        "LabelType": "Priority",
        "ExecutionType": "ProductBacklog"
      }
    ]
  },
  {
    "Username": "mbarendtsena",
    "Tasks": [
      {
        "TaskName": "Clustered Sawwort",
        "OpenDate": "07/21/2018",
        "DueDate": "12/09/2018",
        "LabelType": "Priority",
        "ExecutionType": "SprintBacklog"
      },
      {
        "TaskName": "Spreading Sandwort",
        "OpenDate": "02/19/2018",
        "DueDate": "11/20/2018",
        "LabelType": "Hibernate",
        "ExecutionType": "InProgress"
      },
      {
        "TaskName": "Nipa Palm",
        "OpenDate": "10/14/2018",
        "DueDate": "09/19/2019",
        "LabelType": "Priority",
        "ExecutionType": "InProgress"
      },
      {
        "TaskName": "Pacific",
        "OpenDate": "05/14/2018",
        "DueDate": "07/05/2019",
        "LabelType": "Priority",
        "ExecutionType": "Finished"
      },
      {
        "TaskName": "Sea Kale",
        "OpenDate": "02/10/2018",
        "DueDate": "07/03/2019",
        "LabelType": "JavaAdvanced",
        "ExecutionType": "ProductBacklog"
      },
      {
        "TaskName": "Bicolored Spleenwort",
        "OpenDate": "05/24/2018",
        "DueDate": "07/02/2019",
        "LabelType": "CSharpAdvanced",
        "ExecutionType": "InProgress"
      },
      {
        "TaskName": "Comfortroot",
        "OpenDate": "07/14/2018",
        "DueDate": "06/10/2019",
        "LabelType": "Priority",
        "ExecutionType": "Finished"
      },
      {
        "TaskName": "Annual",
        "OpenDate": "05/10/2018",
        "DueDate": "06/07/2019",
        "LabelType": "CSharpAdvanced",
        "ExecutionType": "ProductBacklog"
      },
      {
        "TaskName": "Northland",
        "OpenDate": "07/31/2018",
        "DueDate": "04/06/2019",
        "LabelType": "CSharpAdvanced",
        "ExecutionType": "SprintBacklog"
      },
      {
        "TaskName": "Tricharia Lichen",
        "OpenDate": "08/21/2018",
        "DueDate": "01/24/2019",
        "LabelType": "JavaAdvanced",
        "ExecutionType": "ProductBacklog"
      }
    ]
  },
  {
    "Username": "tridolfif",
    "Tasks": [
      {
        "TaskName": "Clustered Sawwort",
        "OpenDate": "07/21/2018",
        "DueDate": "12/09/2018",
        "LabelType": "Priority",
        "ExecutionType": "SprintBacklog"
      },
      {
        "TaskName": "Spotted Phacelia",
        "OpenDate": "06/14/2018",
        "DueDate": "12/02/2018",
        "LabelType": "JavaAdvanced",
        "ExecutionType": "SprintBacklog"
      },
      {
        "TaskName": "Cypress Panicgrass",
        "OpenDate": "10/19/2018",
        "DueDate": "11/17/2018",
        "LabelType": "EntityFramework",
        "ExecutionType": "InProgress"
      },
      {
        "TaskName": "Cyrtandra",
        "OpenDate": "08/04/2018",
        "DueDate": "11/14/2018",
        "LabelType": "Priority",
        "ExecutionType": "InProgress"
      },
      {
        "TaskName": "Pointed Gourd",
        "OpenDate": "10/08/2018",
        "DueDate": "10/24/2019",
        "LabelType": "Priority",
        "ExecutionType": "ProductBacklog"
      },
      {
        "TaskName": "Pearson's",
        "OpenDate": "03/07/2018",
        "DueDate": "05/21/2019",
        "LabelType": "CSharpAdvanced",
        "ExecutionType": "SprintBacklog"
      },
      {
        "TaskName": "White",
        "OpenDate": "10/04/2018",
        "DueDate": "04/21/2019",
        "LabelType": "Hibernate",
        "ExecutionType": "SprintBacklog"
      },
      {
        "TaskName": "Longbract Pohlia Moss",
        "OpenDate": "09/13/2018",
        "DueDate": "03/29/2019",
        "LabelType": "EntityFramework",
        "ExecutionType": "InProgress"
      },
      {
        "TaskName": "Carrotwood",
        "OpenDate": "07/23/2018",
        "DueDate": "03/11/2019",
        "LabelType": "Priority",
        "ExecutionType": "Finished"
      },
      {
        "TaskName": "Florida Toadwood",
        "OpenDate": "05/15/2018",
        "DueDate": "02/02/2019",
        "LabelType": "Priority",
        "ExecutionType": "ProductBacklog"
      }
    ]
  }
]